"","Estimate","Std. Error","t value","Pr(>|t|)"
"(Intercept)",11.8714285714286,1.67031141363269,7.10731452502613,1.97442498829231e-05
"SoilS",-0.0380952380952385,2.45863182958366,-0.0154944866640279,0.987915145332156
