"","LR Chisq","Df","Pr(>Chisq)"
"Soil",0.423197380138728,1,0.515345910227102
