"","data","t","df","p.value","confidence_int_lower","confidence_int_upper","confidence_int_level","se","mean in group N","mean in group S"
"1","Mean_Chlorophyll by Soil",0.607071015980103,3.34909287850593,0.582513408695415,-15.2653920346483,23.0018999711563,0.95,6.37199580679824,26.2904761904762,22.4222222222222
