"","Sum Sq","Df","F value","Pr(>F)"
"EC_dS_m",700.855815928186,1,11.2615946469762,0.00191580146742196
"Species",2302.4791562831,3,12.3323448998003,1.16798258715729e-05
"EC_dS_m:Species",34.6520388463459,2,0.278400497156469,0.75865418428165
"Residuals",2178.19539118938,35,NA,NA
