"","Estimate","Std. Error","t value","Pr(>|t|)"
"(Intercept)",26.2904761904762,3.25689773281657,8.07224492361943,4.09294513849045e-05
"SoilS",-3.86825396825397,5.94625451917022,-0.650536225077996,0.533579317764839
