"","LR Chisq","Df","Pr(>Chisq)"
"Soil",0.000240079116980859,1,0.987637682970901
