"","Soil","Species","Mean Chlorophyll","Count","sd","se"
"1","N","ARTCAL",11.8714285714286,7,5.12493644301796,1.93704390189107
"2","N","ENCCAL",30.9555555555556,12,10.2652530838465,2.96332331562922
"3","N","ERIFAS",24.3333333333333,1,NA,NA
"4","N","SALMEL",26.2904761904762,7,8.25428540294237,3.11982663239087
"5","S","ARTCAL",11.8333333333333,6,3.38335796378555,1.38125010474275
"6","S","ENCCAL",19.3833333333333,6,8.70220278626816,3.55265941076384
"7","S","SALMEL",22.4222222222222,3,9.62325501257433,5.55598887199021
