"","LR Chisq","Df","Pr(>Chisq)"
"Soil",5.57341976593912,1,0.0182351131167082
