"","data","t","df","p.value","confidence_int_lower","confidence_int_upper","confidence_int_level","se","mean in group N","mean in group S"
"1","Mean_Chlorophyll by Soil",2.50139770467425,11.7847876213605,0.0281611803485323,1.47192144897742,21.672522995467,0.95,4.62630240708934,30.9555555555556,19.3833333333333
