"","data","t","df","p.value","confidence_int_lower","confidence_int_upper","confidence_int_level","se","mean in group N","mean in group S"
"1","Mean_Chlorophyll by Soil",0.0160126357525895,10.4200663614228,0.987526776576677,-5.23398698307959,5.31017745927006,0.95,2.37907354440867,11.8714285714286,11.8333333333333
