"","Estimate","Std. Error","t value","Pr(>|t|)"
"(Intercept)",30.9555555555556,2.83005750852226,10.9381365793232,7.7797103251944e-09
"SoilS",-11.5722222222222,4.90180339310234,-2.36080913373765,0.0312596083161258
