"","LR Chisq","Df","Pr(>Chisq)"
"Species",24.9520256221167,3,1.58012581939261e-05
"Soil",4.75406432549812,1,0.0292291800422856
"Species:Soil",3.7042043515674,2,0.156906973333746
