"","Sum Sq","Df","F value","Pr(>F)"
"EC_dS_m",0.195374151557811,1,1.79245070668362,0.189259301801626
"Species",1.29626873887911,3,3.96418495577058,0.0156055871032636
"EC_dS_m:Species",0.380180629836318,2,1.74397440291863,0.189673809644651
"Residuals",3.81494189995058,35,NA,NA
