"","Chisq","Df","Pr(>Chisq)"
"Soil",0.747855721067104,1,0.387155972481904
"Species",0.838263200759155,3,0.840294767971004
"Soil:Species",0.793716693887925,2,0.672429270547774
