"","Soil_type","Mean EC","Count","sd","se"
"1","N",21.316,15,28.8077151868334,7.43812007739283
"2","S",67.7166666666667,6,21.8117781637964,8.90462114734691
