"","Df","Deviance","Resid. Df","Resid. Dev","Pr(>Chi)"
"NULL",NA,NA,94,131.434684781959,NA
"Soil",1,0.176098900937205,93,131.258585881022,0.674747442991697
"Species",3,1.26655853359924,90,129.992027347423,0.7370889799643
"Soil:Species",3,6.56673875527179,87,123.425288592151,0.0870673259972155
