"","LR Chisq","Df","Pr(>Chisq)"
"Soil",0.118873837305301,1,0.730259127784487
"Species",1.26655853359924,3,0.7370889799643
"Soil:Species",6.56673875527179,3,0.0870673259972155
