"","LR Chisq","Df","Pr(>Chisq)"
"EC_dS_m",6.70369468421961,1,0.00962133379334637
"Species",1.88489512586398,3,0.59663727432243
"EC_dS_m:Species",6.31081867060817,3,0.0974294845307032
