"","LR Chisq","Df","Pr(>Chisq)"
"Soil",0.0914333438499568,1,0.762362803295287
"Species",1.31327993019499,3,0.725982067059903
"Soil:Species",8.05504808147094,3,0.0448876225225659
