"","LR Chisq","Df","Pr(>Chisq)"
"EC_dS_m",10.8425010317455,1,0.000991966594469771
"Species",2.26204665527314,3,0.519830725792934
"EC_dS_m:Species",5.21306175626697,3,0.156844207564459
